GSE,GSM
GSE106821,1
GSE106821,2
GSE106821,3
GSE106821,4
GSE106821,5
GSE106821,6
GSE106821,7
GSE106821,8
GSE106821,9
GSE106821,10
GSE106821,11
GSE106821,12
GSE106821,13
GSE106821,14
GSE106821,15
GSE106821,16
GSE106821,17
GSE106821,18
GSE108351,1
GSE108351,2
GSE108351,3
GSE108351,4
GSE108351,5
GSE108351,6
GSE108351,7
GSE108351,8
GSE108351,9
GSE108351,10
GSE108351,11
GSE108351,12
GSE108351,13
GSE108351,14
GSE108351,15
GSE108351,16
GSE108351,17
GSE108351,18
GSE108351,19
GSE108351,20
GSE108351,21
GSE108351,22
GSE108854,1
GSE108854,2
GSE108854,3
GSE108854,4
GSE108854,5
GSE108854,6
GSE108854,7
GSE108854,8
GSE108854,9
GSE108854,10
GSE108854,11
GSE108854,12
GSE108854,13
GSE108854,14
GSE108854,15
GSE108854,16
GSE108854,17
GSE108854,18
GSE115112,1
GSE115112,2
GSE115112,3
GSE115112,4
GSE115112,5
GSE115112,6
GSE115112,7
GSE115112,8
GSE115112,9
GSE115112,10
GSE115112,11
GSE115112,12
GSE115112,13
GSE115112,14
GSE115112,15
GSE115112,16
GSE115112,17
GSE115112,18
GSE115112,19
GSE115112,20
GSE115112,21
GSE115112,22
GSE115112,23
GSE115112,24
GSE115112,25
GSE115112,26
GSE115112,27
GSE115112,28
GSE115112,29
GSE115112,30
GSE115112,31
GSE115112,32
GSE115112,33
GSE115112,34
GSE115112,35
GSE115112,36
GSE115112,37
GSE115112,38
GSE115112,39
GSE117345,1
GSE117345,2
GSE117345,3
GSE117345,4
GSE117345,5
GSE117345,6
GSE117345,7
GSE117345,8
GSE117345,9
GSE117345,10
GSE117345,11
GSE117345,12
GSE117345,13
GSE117345,14
GSE117345,15
GSE117345,16
GSE117345,17
GSE117345,18
GSE117345,19
GSE117345,20
GSE117345,21
GSE117345,22
GSE117345,23
GSE117345,24
GSE117469,1
GSE117469,2
GSE117469,3
GSE117469,4
GSE117469,5
GSE117469,6
GSE117469,7
GSE117469,8
GSE117469,9
GSE117469,10
GSE117469,11
GSE117469,12
GSE117469,13
GSE117469,14
GSE117469,15
GSE117469,16
GSE117469,17
GSE117469,18
GSE117469,19
GSE117469,20
GSE117469,21
GSE117469,22
GSE117469,23
GSE117469,24
GSE117469,25
GSE117469,26
GSE117469,27
GSE117469,28
GSE117469,29
GSE117469,30
GSE117469,31
GSE117469,32
GSE117469,33
GSE120145,1
GSE120145,2
GSE120145,3
GSE120145,4
GSE120145,5
GSE120145,6
GSE120145,7
GSE120145,8
GSE120145,9
GSE120145,10
GSE120145,11
GSE120145,12
GSE120145,13
GSE120145,14
GSE120145,15
GSE120145,16
GSE120145,17
GSE120145,18
GSE120145,19
GSE120145,20
GSE120145,21
GSE120145,22
GSE120145,23
GSE120145,24
GSE122729,1
GSE122729,2
GSE122729,3
GSE122729,4
GSE122729,5
GSE122729,6
GSE122729,7
GSE122729,8
GSE122729,9
GSE122729,10
GSE122729,11
GSE123498,1
GSE123498,2
GSE123498,3
GSE123498,4
GSE123498,5
GSE123498,6
GSE123498,7
GSE123498,8
GSE123498,9
GSE123498,10
GSE123498,11
GSE123498,12
GSE123498,13
GSE123498,14
GSE123498,15
GSE123498,16
GSE123498,17
GSE123498,18
GSE123498,19
GSE123498,20
GSE123498,21
GSE126798,1
GSE126798,2
GSE126798,3
GSE126798,4
GSE126798,5
GSE126798,6
GSE126798,7
GSE126798,8
GSE126798,9
GSE126798,10
GSE126798,11
GSE126798,12
GSE126798,13
GSE126798,14
GSE126798,15
GSE126798,16
GSE126798,17
GSE126798,18
GSE126798,19
GSE126798,20
GSE126798,21
GSE126798,22
GSE126798,23
GSE126798,24
GSE126798,25
GSE128717,1
GSE128717,2
GSE128717,3
GSE128717,4
GSE128717,5
GSE128717,6
GSE128717,7
GSE128717,8
GSE128717,9
GSE128717,10
GSE128717,11
GSE128717,12
GSE128717,13
GSE128717,14
GSE131380,1
GSE131380,2
GSE131380,3
GSE131380,4
GSE131380,5
GSE131380,6
GSE131380,7
GSE133087,1
GSE133087,2
GSE133087,3
GSE133087,4
GSE133087,5
GSE133087,6
GSE133087,7
GSE133087,8
GSE133087,9
GSE133087,10
GSE133087,11
GSE133087,12
GSE133087,13
GSE133087,14
GSE133087,15
GSE133087,16
GSE133087,17
GSE133087,18
GSE133087,19
GSE133087,20
GSE139101,1
GSE139101,2
GSE139101,3
GSE139101,4
GSE139101,5
GSE139101,6
GSE139101,7
GSE139101,8
GSE139101,9
GSE139101,10
GSE139101,11
GSE139101,12
GSE139101,13
GSE139101,14
GSE139101,15
GSE139101,16
GSE139101,17
GSE139101,18
GSE139101,19
GSE139101,20
GSE139101,21
GSE139101,22
GSE139101,23
GSE139101,24
GSE139101,25
GSE139101,26
GSE139101,27
GSE139101,28
GSE139101,29
GSE139101,30
GSE139101,31
GSE139101,32
GSE139101,33
GSE139101,34
GSE139101,35
GSE139101,36
GSE139101,37
GSE139101,38
GSE140843,1
GSE140843,2
GSE140843,3
GSE140843,4
GSE140843,5
GSE140843,6
GSE140843,7
GSE140843,8
GSE140843,9
GSE140843,10
GSE140843,11
GSE140843,12
GSE140843,13
GSE140843,14
GSE140843,15
GSE140843,16
GSE140843,17
GSE140843,18
GSE140843,19
GSE142505,1
GSE142505,2
GSE142505,3
GSE142505,4
GSE142505,5
GSE142505,6
GSE142505,7
GSE142505,8
GSE142505,9
GSE142505,10
GSE142505,11
GSE148937,1
GSE148937,2
GSE148937,3
GSE148937,4
GSE148937,5
GSE148937,6
GSE148937,7
GSE148937,8
GSE148937,9
GSE148937,10
GSE148937,11
GSE148937,12
GSE148937,13
GSE148937,14
GSE148937,15
GSE148937,16
GSE150695,1
GSE150695,2
GSE150695,3
GSE150695,4
GSE150695,5
GSE150695,6
GSE150695,7
GSE150695,8
GSE150695,9
GSE150695,10
GSE150695,11
GSE150695,12
GSE150695,13
GSE150695,14
GSE150695,15
GSE150695,16
GSE150695,17
GSE150695,18
GSE153698,1
GSE153698,2
GSE153698,3
GSE153698,4
GSE153698,5
GSE153698,6
GSE153698,7
GSE153698,8
GSE153698,9
GSE153698,10
GSE153698,11
GSE153698,12
GSE153698,13
GSE153698,14
GSE153698,15
GSE153698,16
GSE153698,17
GSE153698,18
GSE153698,19
GSE153698,20
GSE153698,21
GSE153698,22
GSE153698,23
GSE153698,24
GSE153698,25
GSE153698,26
GSE153698,27
GSE153698,28
GSE153698,29
GSE153698,30
GSE153698,31
GSE153698,32
GSE153698,33
GSE153698,34
GSE153698,35
GSE153698,36
GSE153698,37
GSE153698,38
GSE153698,39
GSE153698,40
GSE153698,41
GSE153698,42
GSE155241,1
GSE155241,2
GSE155241,3
GSE155241,4
GSE155241,5
GSE155241,6
GSE155241,7
GSE155241,8
GSE155241,9
GSE155241,10
GSE155241,11
GSE155241,12
GSE155241,13
GSE155241,14
GSE155241,15
GSE155241,16
GSE155241,17
GSE155241,18
GSE157055,1
GSE157055,2
GSE157055,3
GSE157055,4
GSE157055,5
GSE157055,6
GSE157055,7
GSE157057,1
GSE157057,2
GSE157057,3
GSE157057,4
GSE157057,5
GSE157057,6
GSE157057,7
GSE157057,8
GSE157057,9
GSE157057,10
GSE157057,11
GSE157057,12
GSE157057,13
GSE157057,14
GSE157057,15
GSE157057,16
GSE157057,17
GSE159926,1
GSE159926,2
GSE159926,3
GSE159926,4
GSE159926,5
GSE159926,6
GSE159926,7
GSE159926,8
GSE159926,9
GSE161953,1
GSE161953,2
GSE161953,3
GSE161953,4
GSE161953,5
GSE161953,6
GSE161953,7
GSE161953,8
GSE161953,9
GSE161953,10
GSE161953,11
GSE161953,12
GSE161953,13
GSE161953,14
GSE161953,15
GSE161953,16
GSE161953,17
GSE161953,18
GSE161953,19
GSE161953,20
GSE161953,21
GSE161953,22
GSE161953,23
GSE161953,24
GSE161953,25
GSE161953,26
GSE161953,27
GSE161953,28
GSE161953,29
GSE161953,30
GSE161953,31
GSE161953,32
GSE161953,33
GSE161953,34
GSE161953,35
GSE161953,36
GSE161953,37
GSE161953,38
GSE161953,39
GSE161953,40
GSE161953,41
GSE161953,42
GSE161953,43
GSE164268,1
GSE164268,2
GSE164268,3
GSE165200,1
GSE165200,2
GSE165200,3
GSE165200,4
GSE165200,5
GSE165200,6
GSE165200,7
GSE165200,8
GSE165200,9
GSE165200,10
GSE165200,11
GSE165200,12
GSE165200,13
GSE165200,14
GSE165200,15
GSE165200,16
GSE165200,17
GSE165200,18
GSE165200,19
GSE165200,20
GSE165200,21
GSE165200,22
GSE165200,23
GSE165200,24
GSE165200,25
GSE165200,26
GSE165200,27
GSE165200,28
GSE165200,29
GSE165200,30
GSE165200,31
GSE165200,32
GSE165200,33
GSE52194,1
GSE52194,2
GSE52194,3
GSE52194,4
GSE52194,5
GSE52194,6
GSE52194,7
GSE52194,8
GSE52194,9
GSE52194,10
GSE52194,11
GSE52194,12
GSE52194,13
GSE52194,14
GSE52194,15
GSE52194,16
GSE52194,17
GSE52194,18
GSE52194,19
GSE52194,20
GSE56930,1
GSE56930,2
GSE56930,3
GSE56930,4
GSE56930,5
GSE56930,6
GSE56930,7
GSE56930,8
GSE56930,9
GSE56930,10
GSE56930,11
GSE56930,12
GSE56930,13
GSE56930,14
GSE56930,15
GSE56930,16
GSE56930,17
GSE56930,18
GSE56930,19
GSE56930,20
GSE56930,21
GSE56930,22
GSE56930,23
GSE56930,24
GSE80264,1
GSE80264,2
GSE80264,3
GSE80264,4
GSE80264,5
GSE80264,6
GSE82022,1
GSE82022,2
GSE82022,3
GSE82022,4
GSE82022,5
GSE82022,6
GSE82022,7
GSE82022,8
GSE82022,9
GSE82022,10
GSE82022,11
GSE82022,12
GSE82022,13
GSE82022,14
GSE82022,15
GSE82022,16
GSE82022,17
GSE82022,18
GSE89475,1
GSE89475,2
GSE89475,3
GSE89475,4
